feature,importance
MedInc,0.8982206097949015
CoastalDistanceProxy,0.07310954724952923
Longitude,0.005851172650024467
HouseAge,0.003944223007683475
AveRooms,0.00349421141758817
AveOccup,0.0034306357375502054
AveBedrms,0.003006981823143897
RoomsPerBedroom,0.002675367698125491
Latitude,0.0024493343362093603
PopulationPerRoom,0.0020270014973196877
Population,0.0017909147879243764
