feature,importance
MedInc,0.5416549989662345
AveOccup,0.13262498401672104
Latitude,0.074089410671295
Longitude,0.06783616029204255
HouseAge,0.04921051303741961
CoastalDistanceProxy,0.03387422343849645
RoomsPerBedroom,0.026690403189716258
AveRooms,0.02582343879096784
AveBedrms,0.019623265261286726
Population,0.014374409054496905
PopulationPerRoom,0.014198193281323062
